model,test_mae,test_mse
iTransformer_Weather,8.487632751464844,275.4253234863281
