model,test_mae,test_mse
MMK_Weather,9.345983505249023,282.67974853515625
